"FB803353-E258-41AA-89AB-0FA2680363D0","AddlessLine3","text","09B5A864-F0DF-4CBA-AE99-8FAEB2256026",1
"90E4C420-C811-4FAB-967C-5C8FA6B50446","AddressLine1","text","09B5A864-F0DF-4CBA-AE99-8FAEB2256026",2
"BF1C64EE-238C-4FED-AFB0-7F392BB363E2","AddressLine2","text","09B5A864-F0DF-4CBA-AE99-8FAEB2256026",3
"BA0050DA-C906-4A69-BC82-243A8FDD40A9","ApplicationDate","text","09B5A864-F0DF-4CBA-AE99-8FAEB2256026",4
"836A8B25-CFED-417B-9F72-331E143EFFF3","BoilerFees","text","09B5A864-F0DF-4CBA-AE99-8FAEB2256026",5
"8DC752E8-2719-4927-B742-E8101F9623C8","BoilerHeatingSurfaceArea","text","09B5A864-F0DF-4CBA-AE99-8FAEB2256026",6
"F99342E9-B765-4937-9F1D-4CD53711D924","BusinessEntity","text","09B5A864-F0DF-4CBA-AE99-8FAEB2256026",7
"B6337C0B-941A-4D09-97FB-5933DDE09E27","BusinessEntityId","text","09B5A864-F0DF-4CBA-AE99-8FAEB2256026",8
"3BFF867B-FF07-4124-82DC-6678F7D1EA95","City","text","09B5A864-F0DF-4CBA-AE99-8FAEB2256026",9
"6C57DA60-0018-40BD-8425-2DE619580EC0","DateOfHydraulicTest","text","09B5A864-F0DF-4CBA-AE99-8FAEB2256026",10
"7024A914-93D8-496E-9F65-230005E51734","Designation","text","09B5A864-F0DF-4CBA-AE99-8FAEB2256026",11
"19B2EE90-F082-4393-A86C-F50E94C3C9A4","DeSuperheater","text","09B5A864-F0DF-4CBA-AE99-8FAEB2256026",12
"ADBE9239-447A-4730-8F8F-D34C509080CF","DistrictId","text","09B5A864-F0DF-4CBA-AE99-8FAEB2256026",13
"E3CFA54B-8AE5-4034-B457-DAD646FC271E","FeedWater","text","09B5A864-F0DF-4CBA-AE99-8FAEB2256026",14
"E2175DCC-809B-4692-8697-2E39D98B3409","FeesToBePaid","text","09B5A864-F0DF-4CBA-AE99-8FAEB2256026",15
"6D2C4089-0023-4062-AA1C-6849F1AB18BC","FirstName","text","09B5A864-F0DF-4CBA-AE99-8FAEB2256026",16
"8879C232-175C-472C-A0B4-C7BCF838B415","FittingFees","text","09B5A864-F0DF-4CBA-AE99-8FAEB2256026",17
"43626951-2269-4288-8F5B-68C232FFF8BA","Fittings","text","09B5A864-F0DF-4CBA-AE99-8FAEB2256026",18
"A6D4A10C-ACAE-4BF2-A1CA-C2F9266CE6BC","InspectingAuthority","text","09B5A864-F0DF-4CBA-AE99-8FAEB2256026",19
"174275DF-2BEE-4A3A-AA1B-5351F7CD0F3C","IsTenDaysNoticeRequired","text","09B5A864-F0DF-4CBA-AE99-8FAEB2256026",20
"2537A945-8AE0-45BA-8636-47134278E5F2","LastName","text","09B5A864-F0DF-4CBA-AE99-8FAEB2256026",21
"AEF38235-7FA9-451A-BD35-D5907F3017A2","MakerName","text","09B5A864-F0DF-4CBA-AE99-8FAEB2256026",22
"75271FE1-855D-4D66-8EAF-DA0B5F3AA152","MakerNo","text","09B5A864-F0DF-4CBA-AE99-8FAEB2256026",23
"32358FAF-F98B-4FFD-BB72-CD5F2AD23EB7","MiddleName","text","09B5A864-F0DF-4CBA-AE99-8FAEB2256026",24
"E8AFCFF5-EC75-4B3B-98C5-E8A6CEE3DFE9","NameOfBoilerOwner","text","09B5A864-F0DF-4CBA-AE99-8FAEB2256026",25
"AA3D05D1-A297-4552-BEB8-BFA187FF118C","NoOfShifts","text","09B5A864-F0DF-4CBA-AE99-8FAEB2256026",26
"F3B3D514-798F-4700-BA32-314B0D0C92B3","PDate","text","09B5A864-F0DF-4CBA-AE99-8FAEB2256026",27
"0716AFA2-C488-475D-8D19-83D9246DDDF5","PinCode","text","09B5A864-F0DF-4CBA-AE99-8FAEB2256026",28
"E34A5358-5743-4FC6-BD29-DE6D44CAE688","PipeLength","text","09B5A864-F0DF-4CBA-AE99-8FAEB2256026",29
"6084B8BD-20F5-420B-85C0-79E40D25333B","PipesNominalBore","text","09B5A864-F0DF-4CBA-AE99-8FAEB2256026",30
"C08AEB78-A46B-494C-9351-01DA3B36A28E","SelectInspectingAuthority","text","09B5A864-F0DF-4CBA-AE99-8FAEB2256026",31
"E243AFC1-E438-4A08-A322-30165067AD39","Seperators","text","09B5A864-F0DF-4CBA-AE99-8FAEB2256026",32
"C6CCBDE7-2789-4F17-B4D8-CFDBF06D3AC0","SiteAddress","text","09B5A864-F0DF-4CBA-AE99-8FAEB2256026",33
"7129E602-91F1-4E26-88C1-90A592841847","StateId","text","09B5A864-F0DF-4CBA-AE99-8FAEB2256026",34
"08A9EAAD-F6B4-4000-90A5-F2B964ED7F65","SteamPipeLineFees","text","09B5A864-F0DF-4CBA-AE99-8FAEB2256026",35
"66DA12D7-1C4D-4E47-A787-37EF8FBAC948","SteamReciever","text","09B5A864-F0DF-4CBA-AE99-8FAEB2256026",36
"230D77D0-412D-4479-86A0-5B41FAD0378A","SubCategoryBoiler","text","09B5A864-F0DF-4CBA-AE99-8FAEB2256026",37
"50E17F0B-45E7-43EF-B8F3-A9FE9AC36F47","TDate","text","09B5A864-F0DF-4CBA-AE99-8FAEB2256026",38
"5A55C39D-7FE6-4DD2-A80B-452D93456527","TehsilId","text","09B5A864-F0DF-4CBA-AE99-8FAEB2256026",39
"707208B7-76AA-4012-AA6E-42BA2019E4E9","TestedTo","text","09B5A864-F0DF-4CBA-AE99-8FAEB2256026",40
"35D04304-2172-4B8B-97E2-0A9FE75E3E2D","ThirdPartyBOES","text","09B5A864-F0DF-4CBA-AE99-8FAEB2256026",41
"9AECC7C3-3096-4ACA-9DEA-5C09ACCE35D5","TypeOfBoiler","text","09B5A864-F0DF-4CBA-AE99-8FAEB2256026",42
"84F3270B-D1A6-437F-82D9-AC6B38509AB5","Village","text","09B5A864-F0DF-4CBA-AE99-8FAEB2256026",43
"0E13E4ED-B824-436F-8E85-5B42E2707CB0","WorkingPressure","text","09B5A864-F0DF-4CBA-AE99-8FAEB2256026",44
"89211F0D-BF79-4C60-8922-EC448CCCB2D9","YearOfMake","text","09B5A864-F0DF-4CBA-AE99-8FAEB2256026",45
