"91BDA927-2A1A-479E-88AE-8171F4372133","AddressLine1","text","390B8234-DD7B-4296-BE03-3F44DE5E6A67",1
"D92820F1-3AC9-4AFC-A42D-67B2F7B16B9E","AddressLine2","text","390B8234-DD7B-4296-BE03-3F44DE5E6A67",2
"22102AC4-537B-48CA-8366-9DE003C6DF5F","AddressLine3","text","390B8234-DD7B-4296-BE03-3F44DE5E6A67",3
"D4E4FFD9-22CD-46BB-99CD-F61D0607BD6E","ApplicationDate","text","390B8234-DD7B-4296-BE03-3F44DE5E6A67",4
"DBC36A3B-6524-4CDC-8ADE-DF65AF852CC4","Area","text","390B8234-DD7B-4296-BE03-3F44DE5E6A67",5
"79A3F4E0-0664-4D03-B0FC-396E6B5DB7DA","BusinessEntityId","text","390B8234-DD7B-4296-BE03-3F44DE5E6A67",6
"53775EC9-9638-4FFA-8B73-30FD878C9D5C","City","text","390B8234-DD7B-4296-BE03-3F44DE5E6A67",7
"BA0C1CFB-9E24-4F56-A03E-9A85C035EA07","CityId","text","390B8234-DD7B-4296-BE03-3F44DE5E6A67",8
"C212C059-2C15-48EA-82F8-170D77F5774E","DistrictId","text","390B8234-DD7B-4296-BE03-3F44DE5E6A67",9
"846DE13E-C540-4138-8BF8-749E416160AE","EmailId","text","390B8234-DD7B-4296-BE03-3F44DE5E6A67",10
"9A8688F0-FC3F-441C-A116-51407567E4D4","ExistingBuilding","text","390B8234-DD7B-4296-BE03-3F44DE5E6A67",11
"E1DF4B47-9BB1-46BA-95C7-76EA8ADBC7F5","FireStation","text","390B8234-DD7B-4296-BE03-3F44DE5E6A67",12
"E0A8D92B-6B76-47ED-8D44-8AE09F4FCDC0","FirstName","text","390B8234-DD7B-4296-BE03-3F44DE5E6A67",13
"CE8B8C32-69C8-4F42-911C-202F1BA7B935","HeightOfBuilding","text","390B8234-DD7B-4296-BE03-3F44DE5E6A67",14
"1098B8CF-03D7-4DF9-B4E0-A4C6BA5ABF3A","LastName","text","390B8234-DD7B-4296-BE03-3F44DE5E6A67",15
"D9D44A79-AF5A-4393-B624-C83C50FD8362","MiddleName","text","390B8234-DD7B-4296-BE03-3F44DE5E6A67",16
"078645C5-9C66-4F61-949D-E9FA85E3CE52","MobileNo","text","390B8234-DD7B-4296-BE03-3F44DE5E6A67",17
"AE8A5A75-38B0-42DF-8DBF-548E28FE7C02","PanNumber","text","390B8234-DD7B-4296-BE03-3F44DE5E6A67",18
"19D90EF1-10AE-460C-BEFD-DF4C54A2C03B","PDate","text","390B8234-DD7B-4296-BE03-3F44DE5E6A67",19
"3E1343EF-524F-4E85-B63A-C42EC04E4076","PhoneNo","text","390B8234-DD7B-4296-BE03-3F44DE5E6A67",20
"99E79E93-0320-4594-B943-77971837840F","PinCode","text","390B8234-DD7B-4296-BE03-3F44DE5E6A67",21
"6BA2BAAD-9025-4E0D-8EDC-64DF7431D30B","SiteAddress","text","390B8234-DD7B-4296-BE03-3F44DE5E6A67",22
"71990492-E6CD-4B5C-8019-BAA46DDAE54C","TDate","text","390B8234-DD7B-4296-BE03-3F44DE5E6A67",23
"053A3A28-7C97-4E08-8828-E405C4FC8FE8","TehsilId","text","390B8234-DD7B-4296-BE03-3F44DE5E6A67",24
"D3F5E36F-DDCA-4753-8021-4131D490BF9C","TypeOfOccupancy","text","390B8234-DD7B-4296-BE03-3F44DE5E6A67",25
"C81C013F-ACCF-44EF-958D-1CCA4B2635A4","UniquePropertyID","text","390B8234-DD7B-4296-BE03-3F44DE5E6A67",26
"8D6B3E6D-B77E-4BFF-A653-FDBAF5235B46","WardNo","text","390B8234-DD7B-4296-BE03-3F44DE5E6A67",27
