"4631AC07-672A-436B-BC3D-DD92B44EFF56","ApplicantName","text","421D7F75-71F9-4285-A9BD-A103F983997A",1
"EA610971-DBF2-4B26-B5B5-115A2EFF4E60","ApplicationDate","text","421D7F75-71F9-4285-A9BD-A103F983997A",2
"EE50C629-9F4C-4205-BA54-79974926F366","CEmpColonySector","text","421D7F75-71F9-4285-A9BD-A103F983997A",3
"F8565890-54A8-499B-8888-7D7E389B0BC4","CEmpDated","text","421D7F75-71F9-4285-A9BD-A103F983997A",4
"33DBB057-0B14-409F-B6ED-FBACE934BB28","CEmpDistrict","text","421D7F75-71F9-4285-A9BD-A103F983997A",5
"EF24A7CC-969D-468D-ACBA-B4C725888791","CEmpEmail","text","421D7F75-71F9-4285-A9BD-A103F983997A",6
"D43CECE1-27A4-41C6-AC3C-F1C5198CE9B5","CEmpEndDate","text","421D7F75-71F9-4285-A9BD-A103F983997A",7
"7BABFE2D-F469-4F0C-B6C1-480A26D6D903","CEmpFaxNo","text","421D7F75-71F9-4285-A9BD-A103F983997A",8
"711F958E-005C-4BF3-9DFD-44D7DE03EAC5","CEmpLabourToBeEmploy","text","421D7F75-71F9-4285-A9BD-A103F983997A",9
"96C1E475-95EA-44BA-934F-8836D75D423C","CEmplNatureOfWork","text","421D7F75-71F9-4285-A9BD-A103F983997A",10
"DA05D410-4476-4B69-92D9-31BBCA377E52","CEmpMobileNo","text","421D7F75-71F9-4285-A9BD-A103F983997A",11
"D56EC1A6-EA53-4CAF-82EE-7996AD5A5346","CEmpPhoneNo","text","421D7F75-71F9-4285-A9BD-A103F983997A",12
"4E34E7CB-608B-4C33-A00E-C68A2992B467","CEmpPincode","text","421D7F75-71F9-4285-A9BD-A103F983997A",13
"30C5A670-CEB6-4082-990E-CB827D3C17A5","CEmpPlotNo","text","421D7F75-71F9-4285-A9BD-A103F983997A",14
"BE8F5ECE-D7B7-4130-9468-E80E33F850CE","CEmpPripcipleEmp","text","421D7F75-71F9-4285-A9BD-A103F983997A",15
"A61227D8-28FD-4C06-816E-FF118281D3BE","CEmpRegNo","text","421D7F75-71F9-4285-A9BD-A103F983997A",16
"A318EA0F-94F7-424C-ACC2-BE229F662310","CEmpStartDate","text","421D7F75-71F9-4285-A9BD-A103F983997A",17
"02707C5C-EECA-4391-8FD7-04D14223BFAD","CEmpState","text","421D7F75-71F9-4285-A9BD-A103F983997A",18
"A9BE30E2-30FA-473B-AE23-F8B46EF05E71","CEmpTehsil","text","421D7F75-71F9-4285-A9BD-A103F983997A",19
"6A679401-F13F-4C5E-AF9B-FCC010FB32BA","ConColonySector","text","421D7F75-71F9-4285-A9BD-A103F983997A",20
"1B3E3A7D-4C87-4A4F-8428-79E6309A484C","ConEmail","text","421D7F75-71F9-4285-A9BD-A103F983997A",21
"DE71D93B-D892-4E96-BE89-24BAC0543907","ConEPF","text","421D7F75-71F9-4285-A9BD-A103F983997A",22
"BA803D44-3704-4E9C-AFB6-7006458F3F52","ConESI","text","421D7F75-71F9-4285-A9BD-A103F983997A",23
"8ECC90FF-8009-4A66-ADF4-CF595374AFC1","ConFatherName","text","421D7F75-71F9-4285-A9BD-A103F983997A",24
"1056EF24-73CA-4696-B36C-F8709B56ABB9","ConFaxNo","text","421D7F75-71F9-4285-A9BD-A103F983997A",25
"4B5C4051-2B36-4536-A8B3-5CF94B6136B4","ConLicenceFor","text","421D7F75-71F9-4285-A9BD-A103F983997A",26
"22FB8DC9-EC13-4DCF-9B5F-16BD55370418","ConlNatureOfWork","text","421D7F75-71F9-4285-A9BD-A103F983997A",27
"ECB56F4A-BCE3-4DCA-8924-8D320A65A940","ConMobileNo","text","421D7F75-71F9-4285-A9BD-A103F983997A",28
"B409827A-6C0B-49BE-BA06-18E7B27DA08E","ConName","text","421D7F75-71F9-4285-A9BD-A103F983997A",29
"B476B876-0A48-46D5-A29C-D3633547CE83","ConPhoneNo","text","421D7F75-71F9-4285-A9BD-A103F983997A",30
"64A7A339-5BAB-46DD-BF04-08E8DFE2F37D","ConPincode","text","421D7F75-71F9-4285-A9BD-A103F983997A",31
"E286267E-77FA-4155-A6F2-1BAD2F555D16","ConPlotNo","text","421D7F75-71F9-4285-A9BD-A103F983997A",32
"80306676-4B22-4C6F-949F-AA728D67B398","ConVillage","text","421D7F75-71F9-4285-A9BD-A103F983997A",33
"461BB839-D49E-4058-BB36-209AD32A4889","DistrictId","text","421D7F75-71F9-4285-A9BD-A103F983997A",34
"9AD539E3-CDFA-4523-8122-20BB9734166A","NameOfContEstb","text","421D7F75-71F9-4285-A9BD-A103F983997A",35
"43526CF4-D5D4-4225-9588-9499F3809E16","PDate","text","421D7F75-71F9-4285-A9BD-A103F983997A",36
"AB4F6379-51F2-4DED-BC77-5C1DD351D262","StateId","text","421D7F75-71F9-4285-A9BD-A103F983997A",37
"FA9044B1-F7FD-425A-8350-81829750C159","TDate","text","421D7F75-71F9-4285-A9BD-A103F983997A",38
"5C628EE6-EA33-4AA5-A78C-DE6FBE9117AB","TehsilId","text","421D7F75-71F9-4285-A9BD-A103F983997A",39
