"B3535B0E-7316-4FAB-BC4D-054689BDF841","AddressLine1","text","89CA72A1-BC07-485C-B3E2-CEAF53E6B18F",1
"3BB233A5-778B-46F1-86DB-D9B628AC30EB","AddressLine2","text","89CA72A1-BC07-485C-B3E2-CEAF53E6B18F",2
"FC985CCF-DE21-4884-A45D-F8F557231CEB","AddressLine3","text","89CA72A1-BC07-485C-B3E2-CEAF53E6B18F",3
"7BB10940-53A0-4D2E-85ED-9F08D5FA2DC3","ApplicantCalling","text","89CA72A1-BC07-485C-B3E2-CEAF53E6B18F",4
"4DC96495-0D87-4B05-9CFB-958ABB4AA313","ApplicationDate","text","89CA72A1-BC07-485C-B3E2-CEAF53E6B18F",5
"8E36CB90-781E-4CD5-9B5E-C317FA232279","BusinessEntity","text","89CA72A1-BC07-485C-B3E2-CEAF53E6B18F",6
"D2FA095A-68EC-435E-B1C7-D0FF972921B2","City","text","89CA72A1-BC07-485C-B3E2-CEAF53E6B18F",7
"E7C7F6D8-2913-46FF-9498-19CE972B82EB","FirstName","text","89CA72A1-BC07-485C-B3E2-CEAF53E6B18F",8
"C9474DBC-CA3E-4EC6-AB47-391C24100993","LastName","text","89CA72A1-BC07-485C-B3E2-CEAF53E6B18F",9
"3F9C731D-7D5A-4FE7-9653-E1109920789B","MiddleName","text","89CA72A1-BC07-485C-B3E2-CEAF53E6B18F",10
"D3B41912-7A5E-4DA9-BBED-2E4650F4B343","NearestRailwayStation","text","89CA72A1-BC07-485C-B3E2-CEAF53E6B18F",11
"BDC4DAD1-41E2-44B8-8A59-B8252D9A95B2","ParticularsOfPlant","text","89CA72A1-BC07-485C-B3E2-CEAF53E6B18F",12
"1B9DFF9D-2AB5-4CC3-86BF-739CAE58AC77","PDate","text","89CA72A1-BC07-485C-B3E2-CEAF53E6B18F",13
"3EDF9314-20A2-412C-B3F0-F04E8A47B8FA","SiteAddress","text","89CA72A1-BC07-485C-B3E2-CEAF53E6B18F",14
"136124E7-DD03-4604-AA42-30F35F5D2E3F","TDate","text","89CA72A1-BC07-485C-B3E2-CEAF53E6B18F",15
